{"avg_train_losses": [0.5244316427350044, 0.36896855948066715, 0.3231180180621147, 0.29573022976088525, 0.27507530566573146, 0.23539589537847042, 0.22289124953067302, 0.21264864429998398, 0.2034288374756575, 0.1945118775469065, 0.1719835698685646, 0.16582955902087687, 0.16027493461298942, 0.15545481107378006, 0.150779502160728], "avg_val_losses": [0.3985560531417529, 0.33120843185782434, 0.29899537390470504, 0.2805601284941038, 0.2666991534769535, 0.23003065079251925, 0.21921800413529077, 0.20704080566664537, 0.20233780636837087, 0.19430178997119268, 0.17844228991319736, 0.17734516029755273, 0.17231789256880684, 0.16853941017240284, 0.1633053498506546], "avg_train_accuracies": [0.8064200000000001, 0.8651800000000002, 0.8814359999999999, 0.8912239999999999, 0.898076, 0.912304, 0.91698, 0.9202999999999999, 0.924, 0.9271879999999999, 0.9363440000000001, 0.9388159999999999, 0.9400879999999999, 0.9423839999999999, 0.943636], "avg_valid_accuracies": [0.8530333333333333, 0.8783833333333334, 0.8901666666666668, 0.8977333333333334, 0.9012833333333333, 0.9149499999999999, 0.91945, 0.9237, 0.9255166666666665, 0.9289, 0.9361833333333334, 0.93605, 0.9379333333333333, 0.9397, 0.9418666666666666]}