{"avg_train_losses": [1.254040588382721, 0.824465508644104, 0.7518861962051391, 0.7088115947837829, 0.6752568840227127, 0.6377287785472869, 0.6224303351955414, 0.6110753461475372, 0.6015387622470855, 0.5921537823448182, 0.5736104408359528, 0.5711400019264221, 0.565332439163208, 0.5609033716659546, 0.5571666187076568], "avg_val_losses": [0.8857478348573048, 0.7777286217212677, 0.7235654838879904, 0.6910664315541586, 0.6652868153731029, 0.6315357049306234, 0.6210306573232015, 0.6060346931298574, 0.6001011266231536, 0.5840333634297054, 0.5718180321057637, 0.5691051624933878, 0.566547358695666, 0.5592157520055772, 0.5591441172202428], "avg_train_accuracies": [0.5434479999999999, 0.6841480000000001, 0.708764, 0.7251239999999999, 0.737732, 0.7537199999999998, 0.7596440000000001, 0.76376, 0.7676200000000001, 0.7715440000000001, 0.7790840000000001, 0.780884, 0.783392, 0.78458, 0.7862279999999999], "avg_valid_accuracies": [0.6648666666666667, 0.6992666666666667, 0.7206166666666667, 0.73385, 0.7432666666666666, 0.7575333333333335, 0.7623, 0.76805, 0.77005, 0.7759666666666668, 0.7810666666666666, 0.7810999999999999, 0.7816333333333334, 0.7861166666666666, 0.7843666666666667]}