{"train_losses": [0.5179036804533005, 0.36413720310211184, 0.3204302015757561, 0.2905741395831108, 0.2700117356181145, 0.23079322864413263, 0.21869497467160226, 0.2085601617503166, 0.19994004425883294, 0.19065881805062293, 0.16817468913048506, 0.16267038949012758, 0.15619996355295182, 0.1523406148791313, 0.14732371210873127], "valid_losses": [0.39251546535491944, 0.3470889271736145, 0.3282679254293442, 0.33382584738731386, 0.30058547012805936, 0.2771241995334625, 0.2748774595618248, 0.27131131064891817, 0.26942031149268153, 0.2944327853560448, 0.266929403886199, 0.27933611352443694, 0.2706104247152805, 0.28315715891122817, 0.2784469884812832], "train_accuracies": [0.81032, 0.86764, 0.8825, 0.8936, 0.9004, 0.91522, 0.91902, 0.92244, 0.92548, 0.92936, 0.93762, 0.94004, 0.94328, 0.9444, 0.94604], "valid_accuracies": [0.8572, 0.8737, 0.8805, 0.878, 0.8919, 0.8986, 0.9001, 0.9047, 0.9039, 0.8963, 0.9069, 0.9022, 0.9083, 0.9036, 0.9062]}