{"train_losses": [1.0059500747203827, 0.6283165856361389, 0.559329764919281, 0.5172457922649384, 0.4832487016582489, 0.4599571617126465, 0.439318380317688, 0.42259567688465116, 0.40671640765190126, 0.3932121524953842, 0.3838370250225067, 0.37087481088161467, 0.36340466731071475, 0.3534132520413399, 0.34698000482559205], "valid_losses": [0.6869365468025207, 0.5781837160587311, 0.5322730507850647, 0.491381067609787, 0.49214404158592223, 0.43523665668964384, 0.4256452538251877, 0.40243543210029603, 0.4231209570407867, 0.42894257476329806, 0.3806817811012268, 0.37183150701522827, 0.3800099941968918, 0.3649527290582657, 0.345904969394207], "train_accuracies": [0.63762, 0.75776, 0.78434, 0.8019, 0.8174, 0.82706, 0.83746, 0.84428, 0.84954, 0.85478, 0.85706, 0.86134, 0.86478, 0.86812, 0.87032], "valid_accuracies": [0.7387, 0.7703, 0.7896, 0.8193, 0.8209, 0.8415, 0.8444, 0.8542, 0.8455, 0.8353, 0.8638, 0.864, 0.8604, 0.8683, 0.8764]}