{"avg_train_losses": [0.4954673293480873, 0.3457630233736039, 0.307249384926796, 0.28204875243043903, 0.2636820655691624, 0.2263503623292446, 0.21379409935426713, 0.2036860901097059, 0.19548503870272635, 0.1889340588402748, 0.16631963339674471, 0.15913643463504315, 0.1544385242278576, 0.1504804452521801, 0.1464311730148792], "avg_val_losses": [0.3335758868455887, 0.28931003962556523, 0.2615500753243764, 0.24684370559056598, 0.2293733267535766, 0.19721772395769754, 0.18965263846715294, 0.17917856383621691, 0.17679393257896106, 0.16663507882257303, 0.14993266160463295, 0.14777349848871432, 0.14237341503798964, 0.13819517817199228, 0.13385732691536345], "avg_train_accuracies": [0.822868, 0.873968, 0.887068, 0.8957839999999999, 0.9027160000000001, 0.915916, 0.920708, 0.9243840000000001, 0.926772, 0.929448, 0.93872, 0.9411160000000001, 0.9429640000000001, 0.94396, 0.945988], "avg_valid_accuracies": [0.8785333333333332, 0.8933833333333332, 0.9045333333333334, 0.9093833333333334, 0.9149666666666667, 0.9279, 0.9318166666666666, 0.93495, 0.9357166666666666, 0.9392666666666667, 0.9472333333333334, 0.9483333333333333, 0.9497833333333332, 0.9522166666666667, 0.9544833333333334]}