{"train_losses": [0.4979997416782379, 0.34604497626781466, 0.309598215649128, 0.28483437294960023, 0.2635287533950806, 0.22689052931308745, 0.21286517275333405, 0.20417677881002427, 0.19620109649658204, 0.1888690942800045, 0.16650212990283966, 0.1598885908228159, 0.1554436882609129, 0.1512903180384636, 0.14667297646462918], "valid_losses": [0.3606370629787445, 0.30320062761306765, 0.2839000725269318, 0.28901069638729093, 0.2704507702946663, 0.2513026751756668, 0.24554536244869232, 0.2462662020802498, 0.2471374319255352, 0.25026989824771884, 0.24393862771987915, 0.24720510432720183, 0.23992055674493312, 0.2420307634294033, 0.24523175926506519], "train_accuracies": [0.81974, 0.87448, 0.88612, 0.89504, 0.90326, 0.9166, 0.92112, 0.92514, 0.92628, 0.92972, 0.9381, 0.94114, 0.9431, 0.94308, 0.94524], "valid_accuracies": [0.8675, 0.8899, 0.8947, 0.8918, 0.9005, 0.9073, 0.9106, 0.9112, 0.9086, 0.9088, 0.9124, 0.9128, 0.9162, 0.9151, 0.916]}