{"train_losses": [0.5201742194223404, 0.3522929465532303, 0.3087610602247715, 0.2794826811480522, 0.2544382398056984, 0.2130953287065029, 0.19732540245175362, 0.18322736420750618, 0.17286933569192886, 0.16197132917761803, 0.13644808090478183, 0.1276653398644924, 0.12038345724970102, 0.11380424607366324, 0.10829057480171322], "valid_losses": [0.39218429939746857, 0.3381891839027405, 0.3386122464418411, 0.3117307367801666, 0.30549535618424417, 0.26615477581620217, 0.27236223860383035, 0.26468191509246825, 0.27436906944513323, 0.28045620599389076, 0.2756957774460316, 0.2787110266149044, 0.28040185803771017, 0.2838886508643627, 0.2916986966252327], "train_accuracies": [0.8088, 0.8713, 0.88688, 0.89698, 0.9049, 0.92028, 0.92582, 0.93156, 0.93536, 0.9387, 0.94936, 0.95326, 0.9562, 0.95804, 0.96064], "valid_accuracies": [0.857, 0.8778, 0.8756, 0.8878, 0.8931, 0.9073, 0.9034, 0.9057, 0.9071, 0.9035, 0.9096, 0.9118, 0.9118, 0.91, 0.9132]}