{"train_losses": [0.5281002904200554, 0.3675522750043869, 0.3196772009706497, 0.29401607372760774, 0.27136250497817993, 0.2330904136276245, 0.2192505997657776, 0.21021310911417007, 0.1989426572775841, 0.1924383057296276, 0.17349509987592698, 0.1665410018312931, 0.16138497673928737, 0.1581424517968297, 0.15177014219284057], "valid_losses": [0.383764289689064, 0.3216291329741478, 0.3134494903802872, 0.28768837685585025, 0.2862742480158806, 0.25667106442451476, 0.2632949259519577, 0.26653923518657685, 0.25922575508654117, 0.2525735532879829, 0.24818138412237167, 0.2550842249035835, 0.25342499093711374, 0.25897981500178574, 0.2565230005711317], "train_accuracies": [0.81178, 0.8656, 0.88064, 0.89132, 0.89924, 0.91358, 0.91768, 0.9212, 0.92552, 0.92782, 0.93552, 0.939, 0.93904, 0.9405, 0.9425], "valid_accuracies": [0.8576, 0.8803, 0.8835, 0.8928, 0.8957, 0.9086, 0.9028, 0.9053, 0.9088, 0.9094, 0.9139, 0.9128, 0.9147, 0.9116, 0.9154]}