{"avg_train_losses": [0.7383999974575043, 0.5568590898284913, 0.5031444637327195, 0.4688943405151367, 0.4442308283367157, 0.40414892967224125, 0.39414470019531256, 0.38528826287221907, 0.37784577120685575, 0.3725142378726005, 0.3540963916149139, 0.3496732448554039, 0.3457037076964378, 0.34422412824773785, 0.34093030513954165], "avg_val_losses": [0.602631807120641, 0.5251559971014659, 0.47775080594221747, 0.4491884328126908, 0.43805864597956334, 0.3964522336045901, 0.38354628803332647, 0.378268705089887, 0.37475541465282436, 0.37032098695437116, 0.3500620060245196, 0.3484045587897301, 0.3429485425194104, 0.34248184026082357, 0.3372901421785355], "avg_train_accuracies": [0.7213200000000001, 0.7886239999999999, 0.809732, 0.824184, 0.8338239999999999, 0.849276, 0.8530519999999999, 0.856532, 0.859544, 0.8613, 0.8679880000000001, 0.868876, 0.8707519999999999, 0.872068, 0.872232], "avg_valid_accuracies": [0.77215, 0.8025166666666668, 0.8212166666666667, 0.8317499999999999, 0.8360000000000001, 0.8526166666666667, 0.8560666666666666, 0.8584666666666665, 0.8600333333333333, 0.8626333333333335, 0.8692833333333333, 0.8703333333333333, 0.8718833333333332, 0.8716333333333333, 0.8732833333333334]}