{"train_losses": [0.5194355326032638, 0.36369573333740235, 0.3180828525567055, 0.2920911769676208, 0.26974278734683993, 0.23059592641353607, 0.21789638078570367, 0.20748443102121353, 0.19914632525622844, 0.19056607995271682, 0.1681228915977478, 0.1630128504317999, 0.1575134195780754, 0.1532837594360113, 0.14841543816119432], "valid_losses": [0.43063945672512055, 0.3634075738668442, 0.3195556538581848, 0.30338302859067917, 0.28649344478845595, 0.27834027578830717, 0.264391687732935, 0.2643232866406441, 0.26602801798582076, 0.26629602913856504, 0.25712374393343923, 0.2571646516025066, 0.26144724338650704, 0.26395055528879163, 0.26339813812077045], "train_accuracies": [0.80902, 0.8676, 0.88354, 0.89288, 0.90064, 0.91568, 0.91982, 0.92246, 0.92536, 0.92886, 0.9379, 0.93918, 0.94174, 0.94394, 0.94516], "valid_accuracies": [0.8395, 0.8705, 0.8848, 0.8864, 0.9005, 0.8979, 0.9061, 0.9063, 0.9048, 0.906, 0.9093, 0.9096, 0.9107, 0.9109, 0.9131]}