{"avg_train_losses": [1.240564982498169, 0.8198952517890931, 0.7489813366260528, 0.7075269431905746, 0.6720569989681244, 0.6354664394836426, 0.6201749806461334, 0.6084763451080323, 0.5979048751831055, 0.5878234909114838, 0.5715443753948212, 0.5675853517036439, 0.5637663521213533, 0.5582864406909943, 0.555650382358551], "avg_val_losses": [0.8866606887499492, 0.7804172197500865, 0.7310168171087901, 0.6840174527963003, 0.656799002869924, 0.6304806377967199, 0.6166517803827922, 0.6059727021694183, 0.5953618866999945, 0.5815654754797618, 0.5686974108775456, 0.565491474000613, 0.563494901974996, 0.5641898012717566, 0.559032119901975], "avg_train_accuracies": [0.546608, 0.6842559999999999, 0.709268, 0.7260880000000001, 0.738812, 0.753328, 0.75952, 0.764312, 0.768304, 0.773096, 0.779596, 0.7813999999999999, 0.781836, 0.78464, 0.7862159999999999], "avg_valid_accuracies": [0.666, 0.6980833333333333, 0.71785, 0.7346999999999999, 0.74585, 0.75575, 0.75945, 0.7642166666666668, 0.7696166666666667, 0.7743333333333334, 0.7794, 0.7826333333333333, 0.7821833333333333, 0.7834833333333333, 0.7840333333333332]}