{"train_losses": [0.5215569735407829, 0.37607459411144256, 0.32974300961256026, 0.3013030270051956, 0.28013545306563375, 0.2638645153516531, 0.2476594084124267, 0.23273671974301338, 0.21841952311515808, 0.2075461672627926, 0.19864735795378685, 0.1880896442180872, 0.1761093341600895, 0.17133382178008558, 0.1620782235300541], "valid_losses": [0.4479143728017807, 0.3553949458837509, 0.3156027081847191, 0.30201415086984634, 0.2890569088578224, 0.2767217058777809, 0.28567438271045686, 0.2803860429286957, 0.2734376349568367, 0.289169347935915, 0.27515756725594404, 0.2741347940802574, 0.280858542239666, 0.28283255281448366, 0.29105199165344237], "train_accuracies": [0.80396, 0.8607, 0.87846, 0.88844, 0.89588, 0.9012, 0.90718, 0.91224, 0.9172, 0.9222, 0.92428, 0.9287, 0.93304, 0.93502, 0.9387], "valid_accuracies": [0.8347, 0.8657, 0.8888, 0.8924, 0.8932, 0.8993, 0.8983, 0.8968, 0.9, 0.8957, 0.9053, 0.901, 0.9042, 0.9048, 0.9034]}